{"cameraMode":{"drawMode":0,"name":"Shaded","section":"Shading Mode"},"sceneLighting":false,"audioPlay":false,"sceneViewState":{"showFog":false,"showMaterialUpdate":false,"showSkybox":false,"showFlares":false,"showImageEffects":false,"showParticleSystems":false},"in2DMode":false,"pivot":{"x":1.1915546655654908,"y":1.7623567581176758,"z":0.5021734237670898},"rotation":{"x":-0.04337473586201668,"y":-0.138325497508049,"z":0.006061739753931761,"w":-0.9894238710403442},"size":2.9660279750823976,"orthographic":false}