{"cameraMode":{"drawMode":0,"name":"Shaded","section":"Shading Mode"},"sceneLighting":false,"audioPlay":false,"sceneViewState":{"showFog":false,"showMaterialUpdate":false,"showSkybox":false,"showFlares":false,"showImageEffects":false,"showParticleSystems":false},"in2DMode":false,"pivot":{"x":137.09446716308595,"y":44.07218933105469,"z":1.6973609924316407},"rotation":{"x":-0.015304815024137497,"y":0.024591242894530298,"z":-0.0003795830125454813,"w":-0.9995855093002319},"size":9.321806907653809,"orthographic":false}