{"cameraMode":{"drawMode":0,"name":"Shaded","section":"Shading Mode"},"sceneLighting":false,"audioPlay":false,"sceneViewState":{"showFog":false,"showMaterialUpdate":false,"showSkybox":false,"showFlares":false,"showImageEffects":false,"showParticleSystems":false},"in2DMode":false,"pivot":{"x":29.920000076293947,"y":1.6700000762939454,"z":1.2900009155273438},"rotation":{"x":-0.03145802021026611,"y":-0.14729127287864686,"z":0.004684012848883867,"w":-0.9885874390602112},"size":8.53693962097168,"orthographic":false}