{"cameraMode":{"drawMode":0,"name":"Shaded","section":"Shading Mode"},"sceneLighting":false,"audioPlay":false,"sceneViewState":{"showFog":false,"showMaterialUpdate":false,"showSkybox":false,"showFlares":false,"showImageEffects":false,"showParticleSystems":false},"in2DMode":false,"pivot":{"x":117.89759063720703,"y":25.468730926513673,"z":0.1816844940185547},"rotation":{"x":-0.015304815024137497,"y":0.024591242894530298,"z":-0.0003795830125454813,"w":-0.9995855093002319},"size":13.82740306854248,"orthographic":false}