{"cameraMode":{"drawMode":0,"name":"Shaded","section":"Shading Mode"},"sceneLighting":false,"audioPlay":false,"sceneViewState":{"showFog":false,"showMaterialUpdate":false,"showSkybox":false,"showFlares":false,"showImageEffects":false,"showParticleSystems":false},"in2DMode":false,"pivot":{"x":0.0,"y":4.559999465942383,"z":-1.1299999952316285},"rotation":{"x":-0.08122017979621887,"y":-0.0038907218258827926,"z":0.00031604382093064487,"w":-0.9966933131217957},"size":4.848830223083496,"orthographic":false}