{"cameraMode":{"drawMode":0,"name":"Shaded","section":"Shading Mode"},"sceneLighting":false,"audioPlay":false,"sceneViewState":{"showFog":false,"showMaterialUpdate":false,"showSkybox":false,"showFlares":false,"showImageEffects":false,"showParticleSystems":false},"in2DMode":false,"pivot":{"x":-1.0528643131256104,"y":2.0326876640319826,"z":-1.0589932203292847},"rotation":{"x":-0.09275689721107483,"y":0.5293319225311279,"z":-0.058360375463962558,"w":-0.8413084745407105},"size":2.0660252571105959,"orthographic":false}