{"cameraMode":{"drawMode":0,"name":"Shaded","section":"Shading Mode"},"sceneLighting":false,"audioPlay":false,"sceneViewState":{"showFog":false,"showMaterialUpdate":false,"showSkybox":false,"showFlares":false,"showImageEffects":false,"showParticleSystems":false},"in2DMode":false,"pivot":{"x":12.213850975036621,"y":-1.3644760847091675,"z":68.94837951660156},"rotation":{"x":-0.015304815024137497,"y":0.024591242894530298,"z":-0.0003795830125454813,"w":-0.9995855093002319},"size":50.72681427001953,"orthographic":false}