{"cameraMode":{"drawMode":0,"name":"Shaded","section":"Shading Mode"},"sceneLighting":false,"audioPlay":false,"sceneViewState":{"showFog":false,"showMaterialUpdate":false,"showSkybox":false,"showFlares":false,"showImageEffects":false,"showParticleSystems":false},"in2DMode":false,"pivot":{"x":-11.830404281616211,"y":0.5102063417434692,"z":1.0447139739990235},"rotation":{"x":0.00718885799869895,"y":-0.017401762306690217,"z":-0.00012562342453747988,"w":-0.9998275637626648},"size":1.4888153076171876,"orthographic":false}