{"cameraMode":{"drawMode":0,"name":"Shaded","section":"Shading Mode"},"sceneLighting":false,"audioPlay":false,"sceneViewState":{"showFog":false,"showMaterialUpdate":false,"showSkybox":false,"showFlares":false,"showImageEffects":false,"showParticleSystems":false},"in2DMode":false,"pivot":{"x":-1.4644471406936646,"y":2.017282247543335,"z":-0.059866905212402347},"rotation":{"x":0.04167811572551727,"y":-0.000902714382391423,"z":-0.00004051488940604031,"w":-0.9991363883018494},"size":5.366028785705566,"orthographic":false}