{"cameraMode":{"drawMode":0,"name":"Shaded","section":"Shading Mode"},"sceneLighting":false,"audioPlay":false,"sceneViewState":{"showFog":false,"showMaterialUpdate":false,"showSkybox":false,"showFlares":false,"showImageEffects":false,"showParticleSystems":false},"in2DMode":false,"pivot":{"x":393.00006103515627,"y":221.00001525878907,"z":0.000005245208740234375},"rotation":{"x":-0.08269055187702179,"y":0.024509845301508905,"z":-0.0020347184035927059,"w":-0.9962742328643799},"size":81.39411926269531,"orthographic":false}