{"cameraMode":{"drawMode":0,"name":"Shaded","section":"Shading Mode"},"sceneLighting":false,"audioPlay":false,"sceneViewState":{"showFog":false,"showMaterialUpdate":false,"showSkybox":false,"showFlares":false,"showImageEffects":false,"showParticleSystems":false},"in2DMode":false,"pivot":{"x":-0.8202828168869019,"y":0.2616368532180786,"z":0.1593552976846695},"rotation":{"x":0.006476305425167084,"y":-0.6667729020118713,"z":-0.00579485297203064,"w":-0.7452123761177063},"size":0.43153274059295657,"orthographic":false}