{"cameraMode":{"drawMode":0,"name":"Shaded","section":"Shading Mode"},"sceneLighting":false,"audioPlay":false,"sceneViewState":{"showFog":false,"showMaterialUpdate":false,"showSkybox":false,"showFlares":false,"showImageEffects":false,"showParticleSystems":false},"in2DMode":false,"pivot":{"x":-26.25366973876953,"y":17.174715042114259,"z":82.08055877685547},"rotation":{"x":-0.015304815024137497,"y":0.024591242894530298,"z":-0.0003795830125454813,"w":-0.9995855093002319},"size":96.88399505615235,"orthographic":false}